,Data01,Data02,Data03,Data04,Data05,Data06,Data07,Data08,Data09,Data10,Data11,Data12,Data13,Data14,Data15,Data16,Data17,Data18,Data19,Data20,Data21,Data22,Data23,Data24,Data25,Data26,Data27,Data28,Data29,Data30
FeedA,106.376705,120.2178505,119.1699014,134.2184558,128.7512966,103.4417884,90.07167549,115.6260307,105.3345105,123.7062456,106.285667,107.6518211,94.95493809,95.36143421,128.3423792,118.578983,123.4079312,115.5669045,119.6428675,120.0423998,131.2011335,123.387494,117.0369804,125.9985391,137.3319563,115.7139198,111.3104286,124.8895167,99.80714642,102.3025624
FeedB,116.7647724,123.6146613,104.6810566,111.0141992,121.3852517,94.78756202,102.2664655,133.0282847,94.40686619,112.8674607,97.22645514,126.4475018,109.521924,96.31022227,117.4838237,98.67890454,137.133627,131.8456623,100.3969532,136.5812793,123.7132081,91.7800696,124.1235215,137.8476711,98.5987143,131.8215318,135.7759974,100.3309726,116.8963476,110.105289
RaffinateA,21.34574851,24.1238713,23.8763632,26.85689549,25.81622446,20.70735811,18.02318439,23.21486595,21.11482268,24.85404103,21.31427194,21.60888616,19.07763299,19.15755156,25.69460052,23.74237603,24.72196544,23.14258061,23.95388746,24.02693774,26.31608144,24.77475091,23.46051361,25.20610333,27.54670902,23.17510352,22.30494264,25.07533434,20.01044084,20.47636692
RaffinateB,87.6719884,92.76446969,78.55685073,83.30030857,91.12046127,71.11252139,76.76044836,99.83744526,70.88180582,84.7049897,73.00880724,94.84896619,82.23387519,72.31768927,88.17007882,74.05634991,102.8953548,98.91842578,75.32822625,102.5099494,92.86697995,68.88007944,93.16953663,103.4552044,73.98770678,98.92428965,101.8832478,75.34663081,87.72063929,82.61622042
ExtractA,63.92394762,72.14873802,71.60441684,80.54925371,77.29907564,62.10953945,54.05890411,69.38155481,63.27855259,74.24569124,63.80812786,64.60050034,57.03363212,57.269352,77.100419,71.25378531,74.12446728,69.38212787,71.85808068,72.10089986,78.81885573,74.05089611,70.25889873,75.65513327,82.41714018,69.46740412,66.84966328,74.98675189,59.88581673,61.46510767
ExtractB,29.21389719,30.94974834,26.24715087,27.76105513,30.37488778,23.74276519,25.57080427,33.35954865,23.65090293,28.27936045,24.34909929,31.69893477,27.39948475,24.08421448,29.46802415,24.75823573,34.40222016,33.04470076,25.18626779,34.21590639,30.99388684,22.98465469,31.11295391,34.59722472,24.73456703,33.07657597,33.97984503,25.1614178,29.24423434,27.53456118
