,Data01,Data02,Data03,Data04,Data05,Data06,Data07,Data08,Data09,Data10,Data11,Data12,Data13,Data14,Data15,Data16,Data17,Data18,Data19,Data20,Data21,Data22,Data23,Data24,Data25,Data26,Data27,Data28,Data29,Data30
R,0.010077089,0.010826428,0.010295923,0.010922698,0.010844471,0.010857065,0.010898027,0.010526942,0.0101139,0.010016516,0.010284085,0.010291141,0.010646792,0.010606502,0.010650375,0.010193527,0.010471763,0.010390745,0.010532608,0.010811768,0.010867376,0.010883185,0.010785877,0.010788747,0.010038936,0.010977746,0.010422485,0.010463205,0.010950431,0.01089714
Raff,0.010993116,0.0107079,0.010568339,0.010793473,0.01056949,0.010088584,0.010921545,0.010571091,0.010168732,0.010762179,0.01029383,0.010898587,0.010967313,0.010050342,0.010107899,0.01078298,0.010549527,0.010020419,0.010921301,0.010320041,0.010622467,0.010433061,0.010299801,0.010727616,0.010115036,0.010157868,0.010271271,0.010309454,0.010865274,0.01040573
FeedRaff,0.010273328,0.010432777,0.010754971,0.010132433,0.010453331,0.010820928,0.010237806,0.010981374,0.010297935,0.010561514,0.010518722,0.010225564,0.010474486,0.010857057,0.010354337,0.010690676,0.010586789,0.010446524,0.010745896,0.010198833,0.01090734,0.010536712,0.010954165,0.010768718,0.010432961,0.010983629,0.010848756,0.010686958,0.010104963,0.010727287
Ext,0.016439884,0.015335304,0.015767985,0.013912031,0.016800527,0.011878083,0.019432872,0.017465712,0.019576299,0.011437301,0.013248419,0.010754891,0.01321049,0.019490612,0.010060936,0.016007159,0.01770541,0.018134481,0.018691406,0.019432661,0.019390374,0.01375616,0.01700859,0.019573314,0.011000047,0.014056245,0.017940912,0.012865763,0.019934664,0.018652117
