,Data01,Data02,Data03,Data04,Data05,Data06,Data07,Data08,Data09,Data10,Data11,Data12,Data13,Data14,Data15,Data16,Data17,Data18,Data19,Data20,Data21,Data22,Data23,Data24,Data25,Data26,Data27,Data28,Data29,Data30
R0,107.0402871,105.2460313,103.050819,103.7263214,108.2020457,101.929491,106.2284571,105.0497214,101.8544877,105.5092047,101.7179383,108.2239483,107.5961696,102.9641549,107.8923621,100.2705891,104.7024534,104.1502651,109.4878874,104.8432376,105.3052243,100.2466539,105.6429435,109.3239754,105.9478662,100.139914,107.1959202,108.302949,105.1142887,109.2659625
Raff,109.6847837,104.9744554,100.2821801,102.628553,105.3447065,100.4293195,103.5637203,107.5384163,107.3658173,103.0346356,108.5734279,109.5055906,109.015697,106.3339828,106.8715389,105.2336358,102.5901599,104.0990878,102.3650311,106.6318089,104.8825217,101.5939165,100.9727236,100.4053266,106.2450136,102.1957289,104.0595595,102.9484918,100.170587,100.9394665
FeedRaff,100.9290292,104.5913193,106.7210453,107.5360978,106.8741135,109.4071497,106.4825803,105.6759166,106.0673694,100.3717587,103.0904705,101.6197455,104.3232214,102.517575,101.6316243,100.8331739,107.5802816,102.47431,101.0838895,109.7382969,101.7975942,108.1214466,106.8707924,101.3957188,102.0897767,105.9156523,103.134978,101.4104211,105.2995587,100.0327162
R1,109.8359324,100.5926594,103.425942,107.3798479,104.574146,109.0574383,106.8353369,103.3186336,101.5247082,101.1100984,100.9822654,109.6463655,104.4579624,102.7291629,105.0148402,104.924807,101.146926,104.9450007,107.3062357,106.5041762,102.5307318,100.7639162,108.3928307,104.5737975,104.6348231,102.8087534,108.1056735,108.0779668,100.699573,104.8222276
Ext,105.9731603,107.5332109,107.9305153,106.6419276,109.9514045,101.0712561,104.3104058,108.3627993,101.7105094,109.4974745,104.3366603,109.8184981,103.9377367,100.7892025,109.450699,108.4827525,105.6154683,107.2242529,108.5576863,102.1539197,100.5480282,105.595018,104.1861249,102.3427835,105.6480181,107.3302955,100.8703933,106.9748115,102.7373061,104.6764967
R2,508.7855358,500.0034989,505.4490534,508.4155634,506.212122,501.9046299,505.0128157,507.6915077,507.0258729,507.5803555,505.12044,503.5503006,507.65719,503.0094536,501.8350046,500.9547903,505.5268896,507.1378563,505.792077,506.7983644,502.1063785,500.1660488,508.9375963,503.3510415,500.2930953,508.6790554,506.5791213,509.5957183,508.8881932,505.2463125
